Name,Address,LinkedIn,Website,Email,Lawyers,Lawfields
No name found,No address found,No LinkedIn link,No website,No email,,Ordnungswidrigkeitenrecht • Verkehrsrecht • Strafrecht •  • Arbeitsrecht
"Anwaltssozietät Prof. Dr. Tondorf, Böhm & Leber","Ritterstr. 9, 40213 Düsseldorf",No LinkedIn link,http://www.tondorfboehm.de/,kanzlei@tondorfboehm.de,Oliver Dünow; Gregor Leber; Niklas Böhm; Sebastian Böhm,Fachanwaltschaft Medizinrecht • Fachanwaltschaft Verkehrsrecht • Fachanwaltschaft Strafrecht •  • Fachanwaltschaft Arbeitsrecht • Fachanwaltschaft Erbrecht • Arzthaftungsrecht • Zivilrecht • Ordnungswidrigkeitenrecht • Unterhaltsrecht
Anwaltskanzlei Streit Götz Chromik,"Myliusstraße 14, 71638 Ludwigsburg",No LinkedIn link,https://www.sgc-anwaelte.de/,mail@sgc-anwaelte.de,Matthias Chromik; Alexander Götz; Dominik Streit,Fachanwaltschaft Arbeitsrecht • Fachanwaltschaft Strafrecht • Mietrecht & Wohnungseigentumsrecht • Verkehrsrecht • Zivilrecht • Ordnungswidrigkeitenrecht • Schadensersatzrecht & Schmerzensgeldrecht •  • Kaufrecht • Schwerbehindertenrecht • Allgemeines Vertragsrecht
Bartholme · Schilling · Kaiser & Partner - Rechtsanwälte · Fachanwälte,"Karlstr. 36, 78054 Villingen-Schwenningen",No LinkedIn link,https://www.anwaelte-vs.de/,km@anwaelte-vs.de,Dr. Klaus Schilling; Dr. Stefan Bartholme; Matthias Kaiser; Tobias Bartholme,Fachanwaltschaft Arbeitsrecht • Fachanwaltschaft Verkehrsrecht • Fachanwaltschaft Versicherungsrecht • Fachanwaltschaft Mietrecht & Wohnungseigentumsrecht • Fachanwaltschaft Verwaltungsrecht • Baurecht & Architektenrecht • Grundstücksrecht & Immobilienrecht • Zivilrecht • Schadensersatzrecht & Schmerzensgeldrecht • Erbrecht •  • Umweltrecht • Öffentliches Baurecht
Delgmann + Partner Rechtsanwälte – Fachanwälte,"Kennedyplatz 8, 45127 Essen",No LinkedIn link,http://www.delgmann.de/,mail@delgmann.de,Sinan Akcakaya; Ralf Delgmann; Hanns Peter Faber; Susanne Rüsken; Frank Gentile,Fachanwaltschaft Arbeitsrecht •  • Fachanwaltschaft Strafrecht • Fachanwaltschaft Steuerrecht • Beamtenrecht • Verkehrsrecht • Erbrecht • Ausländerrecht & Asylrecht • IT-Recht • Mietrecht & Wohnungseigentumsrecht • Zivilrecht • Wirtschaftsrecht • Grundstücksrecht & Immobilienrecht • Schulrecht • Allgemeines Vertragsrecht
"Sperrer, Bette & Collegen","Kaflerstr. 4, 81241 München",No LinkedIn link,https://www.rae-bette.de/,info@rae-bette.de,Dr. Catharina Landwehr; Marc Sperrer LL.M.; Franz X. Bette; Isolde Borsos,Fachanwaltschaft Versicherungsrecht • Mietrecht & Wohnungseigentumsrecht • Arbeitsrecht • Erbrecht •  • Verkehrsrecht • Arzthaftungsrecht • Zivilrecht • Schadensersatzrecht & Schmerzensgeldrecht • Bankrecht & Kapitalmarktrecht • Handelsrecht & Gesellschaftsrecht • Mediation • Urheberrecht & Medienrecht
Kanzlei Fahr | Groß | Indetzki,"Weingartenstr. 19a, 77654 Offenburg",No LinkedIn link,https://www.ra-og.de/,info@ra-og.de,Norbert Fischer; Amelie von Schoenaich LL.M. Eur.; Joachim Indetzki; Markus Groß; Dominic Schillinger; Karen Baas; Alexander Kofler; Benjamin Schütz LL.M.,Fachanwaltschaft Versicherungsrecht •  • Fachanwaltschaft Medizinrecht • Fachanwaltschaft Arbeitsrecht • Fachanwaltschaft Insolvenzrecht & Sanierungsrecht • Fachanwaltschaft Mietrecht & Wohnungseigentumsrecht • Fachanwaltschaft Verkehrsrecht • Fachanwaltschaft Erbrecht • Fachanwaltschaft Urheberrecht & Medienrecht • Schadensersatzrecht & Schmerzensgeldrecht • Kaufrecht • Werkvertragsrecht • Internationales Recht • Allgemeines Vertragsrecht • Arzthaftungsrecht • Unternehmensrecht & Betriebsnachfolge • Grundstücksrecht & Immobilienrecht • Strafrecht • Zivilrecht • Wettbewerbsrecht • IT-Recht • Gewerblicher Rechtsschutz
Anwaltssozietät Tigges & Sevis,"Heiliger Weg 3-5, 44135 Dortmund",No LinkedIn link,http://www.anwaltskanzleidortmund.de/,info@anwaltskanzleidortmund.de,Jörg Tigges; Serpil Sevis; Gesche Creon-Tigges,Fachanwaltschaft Baurecht & Architektenrecht • Fachanwaltschaft Strafrecht • Fachanwaltschaft Migrationsrecht • Fachanwaltschaft Arbeitsrecht •  • Verkehrsrecht • Ausländerrecht & Asylrecht • Zivilrecht • Erbrecht • Forderungseinzug & Inkassorecht • Kaufrecht • Mietrecht & Wohnungseigentumsrecht • Grundstücksrecht & Immobilienrecht • Ordnungswidrigkeitenrecht
DJS&G Fachanwälte,"Kölner Straße 2, 50226 Frechen",No LinkedIn link,https://djsug.de/,granitzka@djsug.de,Klaus Hindelang FA Strafrecht; Ulrich Granitzka; Nicole Kania,Fachanwaltschaft Strafrecht • Fachanwaltschaft Arbeitsrecht • Fachanwaltschaft Medizinrecht • Fachanwaltschaft Erbrecht •  • Ordnungswidrigkeitenrecht • Arzthaftungsrecht • Verkehrsrecht • Zivilrecht • Forderungseinzug & Inkassorecht
BORGELT & PARTNER Rechtsanwälte mbB,"Taubenstr. 22, 40479 Düsseldorf",No LinkedIn link,https://www.borgelt.de/,borgelt@borgelt.de,Cornelius Vetter; Dr. Rainer Borgelt; Eva N. Dzepina LL.M. (UK); Simon Schmitz-Berg; Chuya Kojima; Charlotte Herbertz,Fachanwaltschaft Arbeitsrecht • Fachanwaltschaft Sozialrecht •  • Zivilrecht • Wirtschaftsrecht • Unternehmensrecht & Betriebsnachfolge • Allgemeines Vertragsrecht • Kaufrecht • Sportrecht • Erbrecht • Versicherungsrecht • Wettbewerbsrecht • Urheberrecht & Medienrecht • Patentrecht • IT-Recht • Markenrecht • Designrecht • Strafrecht • Ordnungswidrigkeitenrecht • Verwaltungsrecht • Verkehrsrecht • Mietrecht & Wohnungseigentumsrecht
BHG Rechtsanwälte,"Lortzingstr. 2, 49074 Osnabrück",No LinkedIn link,http://www.bhg-rechtsanwaelte.de/,borchers@bhg-rechtsanwaelte.de,Dagmar Borchers; Barbara Hansen; Antje Bergstedt-Tobe,• Mietrecht & Wohnungseigentumsrecht • Verkehrsrecht • Zivilrecht • Sportrecht • Schadensersatzrecht & Schmerzensgeldrecht • Allgemeines Vertragsrecht • Versicherungsrecht • Pferderecht • Strafrecht • Grundstücksrecht & Immobilienrecht • Ordnungswidrigkeitenrecht • Arbeitsrecht • Sozialrecht
ADKL & Partner mbB,"Kieler Straße 16, 41540 Dormagen",No LinkedIn link,No website,kanzlei@adkl-dormagen.de,Reinhard Hahn; Alexander Wilsing; Wiljo Wimmer,Fachanwaltschaft Arbeitsrecht • Fachanwaltschaft Strafrecht •  • Unterhaltsrecht • Mietrecht & Wohnungseigentumsrecht • Erbrecht • Verkehrsrecht • Schadensersatzrecht & Schmerzensgeldrecht • Ordnungswidrigkeitenrecht • Sozialrecht • Reiserecht • Zivilrecht • Zivilprozessrecht • Schwerbehindertenrecht
Kanzlei Tölle & Melchior,"Moltkestr. 2, 32756 Detmold",No LinkedIn link,http://www.toelle-melchior.com/,info@toelle-melchior.de,Anna-Luise Burg; Walter Simon; Wolf-Dieter Tölle; Berenice Tölle; Claas-Heinrich Quentmeier,Fachanwaltschaft Erbrecht •  • Fachanwaltschaft Steuerrecht • Fachanwaltschaft Mietrecht & Wohnungseigentumsrecht • Fachanwaltschaft Verkehrsrecht • Allgemeines Vertragsrecht • Wirtschaftsrecht • Handelsrecht & Gesellschaftsrecht • IT-Recht • Sozialrecht • Verwaltungsrecht
Anwaltskanzlei Memmert,"Erkrather Str. 162, 40233 Düsseldorf",No LinkedIn link,http://www.anwaltskanzlei-memmert.de/,info@rechtsanwalt-memmert.de,"Bernd Stephan Memmert LL.M.; Bernd Stephan Memmert LL.M., LL.M.",Fachanwaltschaft Arbeitsrecht •  • Fachanwaltschaft Versicherungsrecht • Verkehrsrecht • eBay & Recht • Allgemeines Vertragsrecht • Forderungseinzug & Inkassorecht
Fächerstadt Rechtsanwälte Klas & Dr. Schmidt Partnerschaft mbB,"Karlstraße 126, 76137 Karlsruhe",No LinkedIn link,https://www.faecherstadt-rechtsanwaelte.de/,info@faecherstadt-rechtsanwaelte.de,Benedikt Klas LL.M.; Dr. René Schmidt,• Fachanwaltschaft Mietrecht & Wohnungseigentumsrecht • Fachanwaltschaft Baurecht & Architektenrecht • Strafrecht •  • Zivilrecht • Urheberrecht & Medienrecht • Allgemeines Vertragsrecht • Maklerrecht • Werkvertragsrecht • Öffentliches Baurecht • Grundstücksrecht & Immobilienrecht
Warm & Kollegen Rechtsanwälte,"Detmolder Str. 204, 33100 Paderborn",No LinkedIn link,http://www.warm-rechtsanwaelte.de/,kanzlei@warm-rechtsanwaelte.de,Judith Spilker; Can Kaya; Martin J. Warm,Fachanwaltschaft Steuerrecht • Fachanwaltschaft Arbeitsrecht • Schadensersatzrecht & Schmerzensgeldrecht • Erbrecht • Verkehrsrecht •  • Zivilrecht • Reiserecht • Gewerblicher Rechtsschutz • Werkvertragsrecht • Grundstücksrecht & Immobilienrecht • Forderungseinzug & Inkassorecht • Kaufrecht • Maklerrecht • Mietrecht & Wohnungseigentumsrecht • Allgemeines Vertragsrecht • Unternehmensrecht & Betriebsnachfolge • Wirtschaftsrecht • Handelsrecht & Gesellschaftsrecht
Westermann & Scholl Rechtsanwälte,"Schomburgstraße 87, 22767 Hamburg",No LinkedIn link,https://westermann-scholl.de/,info@westermann-scholl.de,Tom Westermann; Philipp Scholl,Fachanwaltschaft Urheberrecht & Medienrecht • Markenrecht • Designrecht • Gewerblicher Rechtsschutz • Patentrecht •  • Zivilprozessrecht
Lars Niedopytalski,"Jungfernstieg 41, 20354 Hamburg",No LinkedIn link,http://www.kanzlei-heinsen.de/,info@kanzlei-heinsen.de,,Arbeitsrecht • Mietrecht & Wohnungseigentumsrecht •  • Zivilrecht • Transportrecht & Speditionsrecht • Gewerblicher Rechtsschutz • Allgemeines Vertragsrecht
ESSER Rechtsanwälte,"Edisonallee 27, 89231 Neu-Ulm",No LinkedIn link,https://ra-esser.de/,info@ra-esser.de,Wolfgang Esser; Susanne Hermle; Jürgen Peil,Fachanwaltschaft Arbeitsrecht • Handelsrecht & Gesellschaftsrecht • Insolvenzrecht & Sanierungsrecht • Unternehmensrecht & Betriebsnachfolge • Schwerbehindertenrecht • Allgemeines Vertragsrecht • Zivilrecht •  • Erbrecht • Wirtschaftsrecht
Hörnlein Rechtsanwälte,"Daimlerstr. 28, 91301 Forchheim",No LinkedIn link,https://www.hoernlein-rae.de/,info@hoernlein-rae.de,Denis Ksiazek; Rolf Hörnlein,Fachanwaltschaft Familienrecht • Arbeitsrecht • Mietrecht & Wohnungseigentumsrecht •  • Zivilrecht • Erbrecht • Insolvenzrecht & Sanierungsrecht
Dr. Baden & Kollegen GbR Rechtsanwälte,"Koblenzer Strasse 96, 53177 Bonn",No LinkedIn link,https://www.baden-kollegen.de/,hassel@baden-kollegen.de,Norbert Fattler; Hans Karl Hassel; Jörn Zumbroich,Fachanwaltschaft Strafrecht •  • Beamtenrecht • Handelsrecht & Gesellschaftsrecht • Grundstücksrecht & Immobilienrecht • Ordnungswidrigkeitenrecht • Jagdrecht • Allgemeines Vertragsrecht
Dr. Päuser Hofferek Partnerschaft Rechtsanwälte,"Ridlerstr. 35, 80339 München",No LinkedIn link,http://www.paeuser-hofferek.de/,kanzlei@paeuser-hofferek.de,Dr. Frithjof Päuser; Andreas Hofferek,Fachanwaltschaft Baurecht & Architektenrecht •  • Werkvertragsrecht • Grundstücksrecht & Immobilienrecht • Zivilrecht
Anwaltskanzlei Welz,"Tribseer Damm 77, 18439 Stralsund",No LinkedIn link,https://www.ra-welz.de/,office@ra-welz.de,Michael Welz; Michael Ohlendorf; Sophia-Theresa Melahn,Fachanwaltschaft Mietrecht & Wohnungseigentumsrecht • Fachanwaltschaft Medizinrecht • Fachanwaltschaft Verkehrsrecht • Fachanwaltschaft Strafrecht • Zivilrecht •  • Erbrecht • Arzthaftungsrecht • Grundstücksrecht & Immobilienrecht • Schadensersatzrecht & Schmerzensgeldrecht • Allgemeines Vertragsrecht • Beamtenrecht • Versicherungsrecht • Ordnungswidrigkeitenrecht • Opferhilfe
"Bergmann, Jaekel, Waßelewsky","Pichelsdorfer Straße 61, 13595 Berlin",No LinkedIn link,https://www.bejawa.de/,spandau@bejawa.de,Alexander Jaekel; Dirk Waßelewsky; Dietmar Goerz,Fachanwaltschaft Verkehrsrecht • Fachanwaltschaft Versicherungsrecht • Fachanwaltschaft Mietrecht & Wohnungseigentumsrecht •  • Zivilrecht • Verwaltungsrecht • Schadensersatzrecht & Schmerzensgeldrecht • Bankrecht & Kapitalmarktrecht • Reiserecht • Kaufrecht • Allgemeines Vertragsrecht • Ordnungswidrigkeitenrecht • Strafrecht
Daryai Kuo & Partner Rechtsanwälte und Notar,"Hardenbergstraße 19, 10623 Berlin",No LinkedIn link,http://www.dk-ra.de/,mail@dk-ra.de,Simon Guang-Ming Kuo; Nima Armin Daryai; Helena Winker-Wälde,Fachanwaltschaft Mietrecht & Wohnungseigentumsrecht • Fachanwaltschaft Bankrecht & Kapitalmarktrecht • Allgemeines Vertragsrecht • Zivilrecht • Grundstücksrecht & Immobilienrecht •  • Maklerrecht
MSH Rechtsanwälte PartmbB,"Berliner Allee 34-36, 40212 Düsseldorf",No LinkedIn link,http://www.msh-rechtsanwaelte.de/,info@msh-rechtsanwaelte.de,Kate Marie Bushell; Lukas Granrath; Maria Smolyanskaya; Sonja Hebben-Dietz LL.M.,Fachanwaltschaft Migrationsrecht • Fachanwaltschaft Bankrecht & Kapitalmarktrecht •  • Fachanwaltschaft Medizinrecht • Ausländerrecht & Asylrecht • Zivilrecht • Unternehmensrecht & Betriebsnachfolge • Strafrecht • Zivilprozessrecht
Christian-Albrecht Himstedt,"Jungfernstieg 41, 20354 Hamburg",No LinkedIn link,http://www.kanzlei-heinsen.de/,info@kanzlei-heinsen.de,,• Strafrecht • Handelsrecht & Gesellschaftsrecht • Gewerblicher Rechtsschutz • Allgemeines Vertragsrecht
Wirsching Rechtsanwälte I Fachanwälte,"Karlstr. 6, 74564 Crailsheim",No LinkedIn link,https://www.wirsching-rechtsanwaelte.de/,mail@wirsching-rechtsanwaelte.de,Dennis Arendt; Björn Wirsching; Stephanie Rein-Häberlen,Fachanwaltschaft Erbrecht •  • Fachanwaltschaft Baurecht & Architektenrecht • Verkehrsrecht • Strafrecht • Zivilrecht • Schadensersatzrecht & Schmerzensgeldrecht • Verwaltungsrecht • Öffentliches Baurecht • Mietrecht & Wohnungseigentumsrecht • Ordnungswidrigkeitenrecht • Insolvenzrecht & Sanierungsrecht • Familienrecht
BSKP Dr. Broll · Schmitt · Kaufmann & Partner,"Fetscherstr. 29, 01307 Dresden",https://www.linkedin.com/company/bskp-dr-broll-schmitt-kaufmann-&-partner-steuerberater-wirtschaftspr%C3%BCfer-rechtsanw%C3%A4lte,https://www.bskp.de/,info@bskp.de,Patrick Müller; Cornelia Blank; Kerstin Rhinow-Simon; Marcel Schmieder; Christian Rothfuß; Frank Simon; Danny Graßhoff; Sylvia Klapschus; Sebastian Lohse; Jörg Neuber; Sven Peitzsch; Carsten Rüger; Can Christopher Senuysal; Diana Sperling; Sonya Taneva; Martin Volkmann,Fachanwaltschaft Insolvenzrecht • Fachanwaltschaft Erbrecht • Fachanwaltschaft Familienrecht •  • Fachanwaltschaft Handelsrecht & Gesellschaftsrecht • Fachanwaltschaft Medizinrecht • Fachanwaltschaft Arbeitsrecht • Fachanwaltschaft Strafrecht • Fachanwaltschaft Baurecht & Architektenrecht • Fachanwaltschaft Verkehrsrecht • Fachanwaltschaft Versicherungsrecht • Unternehmensrecht & Betriebsnachfolge • Mietrecht & Wohnungseigentumsrecht • Insolvenzrecht & Sanierungsrecht • Reiserecht • Allgemeines Vertragsrecht • Zivilrecht • Arzthaftungsrecht • Wirtschaftsrecht • Kaufrecht • Mediation • Urheberrecht & Medienrecht • IT-Recht • Grundstücksrecht & Immobilienrecht • Schadensersatzrecht & Schmerzensgeldrecht • Werkvertragsrecht • Maklerrecht • Internationales Recht • Schwerbehindertenrecht • Ordnungswidrigkeitenrecht • Forderungseinzug & Inkassorecht
Nonnenmacher Rechtsanwälte Partnerschaft mbB,"Wendtstr. 17, 76185 Karlsruhe",No LinkedIn link,http://www.nonnenmacher.de/,rechtsanwaelte@nonnenmacher.de,Dr. Georg Wirtz LL. M. (Essex); Maximilian Gehbauer; Claudia Stock; Elisa Moch; Dominik Baier; Diplom-Verwaltungswirt (FH) Christian Thome; Frank Rief; Stefanie Kowalke-Reich LL. M.; Dipl. Finanzwirt (FH) Stefan Neumann; Nicolai Funk; Marc-Yaron Popper LL.M.Eur.; Thomas Hess; Stefan Wahlen; Hannes Linke; Prof. Dr. Stefan Jäger; Heiko Graß; Peter Sennekamp,Fachanwaltschaft Verkehrsrecht • Fachanwaltschaft Versicherungsrecht • Fachanwaltschaft Verwaltungsrecht • Fachanwaltschaft Baurecht & Architektenrecht • Fachanwaltschaft Erbrecht • Fachanwaltschaft Steuerrecht • Fachanwaltschaft Handelsrecht & Gesellschaftsrecht • Fachanwaltschaft Familienrecht • Fachanwaltschaft Arbeitsrecht • Fachanwaltschaft Bankrecht & Kapitalmarktrecht • Fachanwaltschaft Strafrecht •  • Fachanwaltschaft Medizinrecht • Fachanwaltschaft Insolvenzrecht & Sanierungsrecht • Ordnungswidrigkeitenrecht • Mietrecht & Wohnungseigentumsrecht • Öffentliches Baurecht • Werkvertragsrecht • Arzthaftungsrecht • Öffentliches Recht • Beamtenrecht • Opferhilfe • Kaufrecht • Schwerbehindertenrecht • Unterhaltsrecht • Schulrecht • Unternehmensrecht & Betriebsnachfolge • Verfassungsrecht • Sozialversicherungsrecht • Anwaltshaftung • Wirtschaftsrecht • Grundstücksrecht & Immobilienrecht • Zivilrecht • Maklerrecht • Zwangsvollstreckungsrecht • Zivilprozessrecht • Schadensersatzrecht & Schmerzensgeldrecht
Kanzlei Alberts & Büttner,"Hagener Str. 35, 58642 Iserlohn",No LinkedIn link,https://alberts-buettnner.de/,info@alberts-buettner.de,Ilka Alberts; Tanja Büttner; Bernd Blöcher,Familienrecht • Strafrecht • Insolvenzrecht & Sanierungsrecht • Forderungseinzug & Inkassorecht • Arbeitsrecht •  • Ordnungswidrigkeitenrecht • Kaufrecht • Allgemeines Vertragsrecht
Kanzlei Breiter,"Ringstr. 21, 69168 Wiesloch",No LinkedIn link,https://www.kanzlei-breiter.de/,oster@kanzlei-breiter.de,Jens Fischer; Cornelia Oster; Christoph Andresen,Fachanwaltschaft Arbeitsrecht •  • Sozialversicherungsrecht • Schwerbehindertenrecht • Zivilrecht • Versicherungsrecht • Mediation
Rechtsanwälte Koenigshaus und Schäfer,"Alt Pempelfort 2, 40211 Düsseldorf",No LinkedIn link,https://www.koenigshaus-schaefer.de/,mk@koenigshaus-schaefer.de,Michael Koenigshaus; Miriam Hoppert; Jan Schäfer,Fachanwaltschaft Mietrecht & Wohnungseigentumsrecht • Fachanwaltschaft Strafrecht • Schadensersatzrecht & Schmerzensgeldrecht •  • Familienrecht • Erbrecht • Verkehrsrecht • Versicherungsrecht • Handelsrecht & Gesellschaftsrecht • Baurecht & Architektenrecht • Grundstücksrecht & Immobilienrecht • Ordnungswidrigkeitenrecht • Maklerrecht
Rechtsanwälte Müller & Dr. Paul Partnerschaftsgesellschaft,"Strengerstraße 4 und 6, 33330 Gütersloh",No LinkedIn link,https://www.mueller-drpaul.de/,info@mueller-drpaul.de,Annette Frisch; Andreas Nieweg; Ralf Müller-Päuker; Dr. Anne-Christine Paul,Fachanwaltschaft Mietrecht & Wohnungseigentumsrecht • Fachanwaltschaft Medizinrecht •  • Fachanwaltschaft Versicherungsrecht • Fachanwaltschaft Strafrecht • Verkehrsrecht • Arzthaftungsrecht • Allgemeines Vertragsrecht • Opferhilfe • Schwerbehindertenrecht • Sozialversicherungsrecht • Erbrecht • Schadensersatzrecht & Schmerzensgeldrecht
Rechtsanwälte Hollmayr – Perl & Kollegen,"Michael-Fischer-Platz 6, 94469 Deggendorf",No LinkedIn link,http://www.kanzlei-hollmayr.de/,info@kanzlei-hollmayr.de,Stephanie Rehthaler; Simon Fischer; Julia Griesbauer; Franz Hollmayr; Manuela Perl,Fachanwaltschaft Arbeitsrecht • Fachanwaltschaft Verkehrsrecht • Fachanwaltschaft Medizinrecht • Fachanwaltschaft Familienrecht • Mietrecht & Wohnungseigentumsrecht • Versicherungsrecht •  • Erbrecht • Strafrecht • Kaufrecht • Grundstücksrecht & Immobilienrecht
Bode & Echterling,"Herforder Str. 11, 32657 Lemgo",No LinkedIn link,http://www.bode-echterling.de/,echterling@bode-echterling.de,Alexander Bode; Mark Echterling; Hans-Ulrich Steuer,Fachanwaltschaft Erbrecht • Fachanwaltschaft Familienrecht • Fachanwaltschaft Mietrecht & Wohnungseigentumsrecht • Fachanwaltschaft Arbeitsrecht • Baurecht & Architektenrecht • Kaufrecht • Verkehrsrecht •  • Strafrecht • Versicherungsrecht • Ordnungswidrigkeitenrecht
